{"stats":{"minecraft:custom":{"minecraft:jump":38,"minecraft:time_since_rest":1089,"minecraft:leave_game":1,"minecraft:damage_dealt":60,"minecraft:crouch_one_cm":44,"minecraft:walk_on_water_one_cm":266,"minecraft:sprint_one_cm":2417,"minecraft:play_time":1089,"minecraft:damage_taken":10,"minecraft:time_since_death":1089,"minecraft:walk_one_cm":1708,"minecraft:sneak_time":24,"minecraft:total_world_time":1089,"minecraft:walk_under_water_one_cm":333,"minecraft:fall_one_cm":1767,"minecraft:fly_one_cm":3509},"minecraft:mined":{"minecraft:grass":1}},"DataVersion":2975}