{"stats":{"minecraft:custom":{"minecraft:jump":35,"minecraft:time_since_rest":1009,"minecraft:damage_taken":200,"minecraft:leave_game":2,"minecraft:play_time":1009,"minecraft:sprint_one_cm":3513,"minecraft:time_since_death":1009,"minecraft:walk_on_water_one_cm":860,"minecraft:walk_one_cm":2233,"minecraft:total_world_time":1009,"minecraft:walk_under_water_one_cm":341,"minecraft:swim_one_cm":1094,"minecraft:fall_one_cm":2878,"minecraft:fly_one_cm":5253},"minecraft:mined":{"minecraft:grass":2}},"DataVersion":2975}